<Customization level="" description="" product-version="22.208">
    <Table TableName="CustProject">
        <Column TableName="CustProject" ColumnName="UsrAuthorEmail" ColumnType="string" AllowNull="True" MaxLength="255" DecimalPrecision="2" DecimalLength="255" IsNewColumn="True" IsUnicode="True" />
        <Column TableName="CustProject" ColumnName="UsrAuthorName" ColumnType="string" AllowNull="True" MaxLength="255" DecimalPrecision="2" DecimalLength="255" IsNewColumn="True" IsUnicode="True" />
        <Column TableName="CustProject" ColumnName="UsrAuthorComments" ColumnType="string" AllowNull="True" MaxLength="4000" DecimalPrecision="2" DecimalLength="4000" IsNewColumn="True" IsUnicode="True" />
        <Column TableName="CustProject" ColumnName="UsrAuthorPhone" ColumnType="string" AllowNull="True" MaxLength="15" DecimalPrecision="2" DecimalLength="50" IsNewColumn="True" IsUnicode="True" />
    </Table>
    <File AppRelativePath="Bin\HA.Objects.Summit2023.Epsilon.CustomAware.dll" />
    <Sql TableName="HAPublishHistory" TableSchemaXml="#CDATA">
        <CDATA name="TableSchemaXml"><![CDATA[<table name="HAPublishHistory">
  <col name="CompanyID" type="Int" default="Zero" />
  <col name="RecordID" type="Int" identity="true" />
  <col name="UserID" type="UniqueIdentifier" />
  <col name="TenantId" type="NVarChar(255)" nullable="true" />
  <col name="NoteID" type="UniqueIdentifier" />
  <col name="CreatedByID" type="UniqueIdentifier" />
  <col name="CreatedDateTime" type="DateTime" />
  <col name="LastModifiedByID" type="UniqueIdentifier" />
  <col name="LastModifiedDateTime" type="DateTime" />
  <col name="tstamp" type="Timestamp" />
  <index name="HAPublishHistory_PK" clustered="true" primary="true" unique="true">
    <col name="CompanyID" />
    <col name="RecordID" />
  </index>
</table>]]></CDATA>
    </Sql>
    <Sql TableName="HAPublishHistoryDetail" TableSchemaXml="#CDATA">
        <CDATA name="TableSchemaXml"><![CDATA[<table name="HAPublishHistoryDetail">
  <col name="CompanyID" type="Int" default="Zero" />
  <col name="RecordID" type="Int" />
  <col name="LineNbr" type="Int" />
  <col name="ProjID" type="UniqueIdentifier" />
  <col name="Name" type="NVarChar(255)" />
  <col name="IsWorking" type="Bit" />
  <col name="Description" type="NVarChar(512)" nullable="true" />
  <col name="CertificationStatus" type="NVarChar(MAX)" nullable="true" />
  <col name="CertificationWarning" type="NVarChar(MAX)" nullable="true" />
  <col name="CertificationStatusDateTime" type="DateTime" nullable="true" />
  <col name="DevelopedBy" type="NVarChar(60)" nullable="true" />
  <col name="Hash" type="Binary(32)" nullable="true" />
  <col name="ParentID" type="UniqueIdentifier" nullable="true" />
  <col name="Level" type="Int" nullable="true" />
  <col name="SnapshotID" type="UniqueIdentifier" nullable="true" />
  <col name="CustCreatedByID" type="UniqueIdentifier" />
  <col name="CustCreatedDateTime" type="DateTime" />
  <col name="CustLastModifiedByID" type="UniqueIdentifier" />
  <col name="CustLastModifiedDateTime" type="DateTime" />
  <col name="AuthorEmail" type="NVarChar(255)" nullable="true" />
  <col name="AuthorName" type="NVarChar(255)" nullable="true" />
  <col name="AuthorComments" type="NVarChar(MAX)" nullable="true" />
  <col name="AuthorPhone" type="NVarChar(15)" nullable="true" />
  <col name="NoteID" type="UniqueIdentifier" />
  <col name="CreatedByID" type="UniqueIdentifier" />
  <col name="CreatedDateTime" type="DateTime" />
  <col name="LastModifiedByID" type="UniqueIdentifier" />
  <col name="LastModifiedDateTime" type="DateTime" />
  <col name="tstamp" type="Timestamp" />
  <index name="HAPublishHistoryDetail_PK" clustered="true" primary="true" unique="true">
    <col name="CompanyID" />
    <col name="RecordID" />
    <col name="LineNbr" />
  </index>
</table>]]></CDATA>
    </Sql>
</Customization>